{"cameraMode":{"drawMode":0,"name":"Shaded","section":"Shading Mode"},"sceneLighting":true,"audioPlay":false,"sceneViewState":{"showFog":true,"showMaterialUpdate":false,"showSkybox":true,"showFlares":true,"showImageEffects":true,"showParticleSystems":true},"in2DMode":false,"pivot":{"x":-1.7920295000076295,"y":-8.513496398925782,"z":-5.425025939941406},"rotation":{"x":0.07122236490249634,"y":-0.8968979716300964,"z":0.40733838081359866,"w":0.15683075785636903},"size":16.608901977539064,"orthographic":false}