{"cameraMode":{"drawMode":0,"name":"Shaded","section":"Shading Mode"},"sceneLighting":true,"audioPlay":false,"sceneViewState":{"showFog":true,"showMaterialUpdate":false,"showSkybox":true,"showFlares":true,"showImageEffects":true,"showParticleSystems":true},"in2DMode":false,"pivot":{"x":97.00225067138672,"y":-11.183723449707032,"z":-91.64154815673828},"rotation":{"x":0.03791289031505585,"y":0.8971923589706421,"z":-0.07852963358163834,"w":0.43302345275878909},"size":105.21885681152344,"orthographic":false}