{"cameraMode":{"drawMode":0,"name":"Shaded","section":"Shading Mode"},"sceneLighting":true,"audioPlay":false,"sceneViewState":{"showFog":true,"showMaterialUpdate":false,"showSkybox":true,"showFlares":true,"showImageEffects":true,"showParticleSystems":true},"in2DMode":false,"pivot":{"x":6.03117561340332,"y":13.567781448364258,"z":-34.429595947265628},"rotation":{"x":-0.2627100646495819,"y":-0.04199404641985893,"z":0.008389705792069435,"w":-0.96450275182724},"size":17.937131881713868,"orthographic":false}