{"cameraMode":{"drawMode":0,"name":"Shaded","section":"Shading Mode"},"sceneLighting":true,"audioPlay":false,"sceneViewState":{"showFog":true,"showMaterialUpdate":false,"showSkybox":true,"showFlares":true,"showImageEffects":true,"showParticleSystems":true},"in2DMode":false,"pivot":{"x":204.5377197265625,"y":46.63942337036133,"z":-57.256935119628909},"rotation":{"x":-0.030925190076231958,"y":0.9395898580551148,"z":-0.0885188952088356,"w":-0.32941916584968569},"size":46.47795867919922,"orthographic":false}