{"cameraMode":{"drawMode":0,"name":"Shaded","section":"Shading Mode"},"sceneLighting":true,"audioPlay":false,"sceneViewState":{"showFog":true,"showMaterialUpdate":false,"showSkybox":true,"showFlares":true,"showImageEffects":true,"showParticleSystems":true},"in2DMode":false,"pivot":{"x":22.965431213378908,"y":2.8571395874023439,"z":-23.800918579101564},"rotation":{"x":-0.13780806958675385,"y":-0.849905788898468,"z":0.2769928276538849,"w":-0.4275820553302765},"size":64.696044921875,"orthographic":false}