{"cameraMode":{"drawMode":0,"name":"Shaded","section":"Shading Mode"},"sceneLighting":true,"audioPlay":false,"sceneViewState":{"showFog":true,"showMaterialUpdate":false,"showSkybox":true,"showFlares":true,"showImageEffects":true,"showParticleSystems":true},"in2DMode":false,"pivot":{"x":-83.2767105102539,"y":4.454704761505127,"z":-74.83782196044922},"rotation":{"x":-0.027034273371100427,"y":0.7691810727119446,"z":-0.033332061022520068,"w":-0.6387649178504944},"size":5.660388469696045,"orthographic":false}