{"cameraMode":{"drawMode":0,"name":"Shaded","section":"Shading Mode"},"sceneLighting":false,"audioPlay":false,"sceneViewState":{"showFog":true,"showMaterialUpdate":false,"showSkybox":false,"showFlares":true,"showImageEffects":true,"showParticleSystems":true},"in2DMode":false,"pivot":{"x":7.6608662605285648,"y":-9.262362480163575,"z":57.548213958740237},"rotation":{"x":0.14717289805412293,"y":-0.5757148265838623,"z":-0.105621337890625,"w":-0.7976915240287781},"size":3.2264764308929445,"orthographic":false}