{"cameraMode":{"drawMode":0,"name":"Shaded","section":"Shading Mode"},"sceneLighting":false,"audioPlay":false,"sceneViewState":{"showFog":true,"showMaterialUpdate":false,"showSkybox":false,"showFlares":true,"showImageEffects":true,"showParticleSystems":true},"in2DMode":false,"pivot":{"x":0.009244263172149659,"y":0.423053503036499,"z":1.222165822982788},"rotation":{"x":-0.11704766750335694,"y":0.5479588508605957,"z":0.07777882367372513,"w":0.8246196508407593},"size":4.514974117279053,"orthographic":false}