{"cameraMode":{"drawMode":0,"name":"Shaded","section":"Shading Mode"},"sceneLighting":true,"audioPlay":false,"sceneViewState":{"showFog":true,"showMaterialUpdate":false,"showSkybox":true,"showFlares":true,"showImageEffects":true,"showParticleSystems":true},"in2DMode":false,"pivot":{"x":-19.900691986083986,"y":15.217582702636719,"z":-63.14640426635742},"rotation":{"x":-0.18537521362304688,"y":0.31674152612686159,"z":0.06324777007102967,"w":0.9282944202423096},"size":1.5845122337341309,"orthographic":false}