{"cameraMode":{"drawMode":0,"name":"Shaded","section":"Shading Mode"},"sceneLighting":true,"audioPlay":false,"sceneViewState":{"showFog":true,"showMaterialUpdate":false,"showSkybox":true,"showFlares":true,"showImageEffects":true,"showParticleSystems":true},"in2DMode":false,"pivot":{"x":138.187744140625,"y":-119.2050552368164,"z":267.9785461425781},"rotation":{"x":0.18429255485534669,"y":0.2035176157951355,"z":-0.03841271251440048,"w":0.9612242579460144},"size":368.0083923339844,"orthographic":false}