{"cameraMode":{"drawMode":0,"name":"Shaded","section":"Shading Mode"},"sceneLighting":true,"audioPlay":false,"sceneViewState":{"showFog":true,"showMaterialUpdate":false,"showSkybox":true,"showFlares":true,"showImageEffects":true,"showParticleSystems":true},"in2DMode":false,"pivot":{"x":11.105875015258789,"y":12.275418281555176,"z":-46.65694808959961},"rotation":{"x":-0.2877309024333954,"y":0.1159970685839653,"z":-0.03809177875518799,"w":-0.9504705667495728},"size":17.937131881713868,"orthographic":false}