{"cameraMode":{"drawMode":0,"name":"Shaded","section":"Shading Mode"},"sceneLighting":false,"audioPlay":false,"sceneViewState":{"showFog":true,"showMaterialUpdate":false,"showSkybox":false,"showFlares":true,"showImageEffects":true,"showParticleSystems":true},"in2DMode":false,"pivot":{"x":-0.4798828363418579,"y":1.1392240524291993,"z":22.210418701171876},"rotation":{"x":0.015940923243761064,"y":0.9806846380233765,"z":-0.08575807511806488,"w":0.177154541015625},"size":33.67546081542969,"orthographic":false}