{"cameraMode":{"drawMode":0,"name":"Shaded","section":"Shading Mode"},"sceneLighting":false,"audioPlay":false,"sceneViewState":{"showFog":true,"showMaterialUpdate":false,"showSkybox":false,"showFlares":true,"showImageEffects":true,"showParticleSystems":true},"in2DMode":false,"pivot":{"x":7.799335479736328,"y":2.82597017288208,"z":7.706914901733398},"rotation":{"x":-0.05591379851102829,"y":0.5164926648139954,"z":-0.03385322913527489,"w":-0.8540003895759583},"size":12.016167640686036,"orthographic":false}