{"cameraMode":{"drawMode":0,"name":"Shaded","section":"Shading Mode"},"sceneLighting":false,"audioPlay":false,"sceneViewState":{"showFog":true,"showMaterialUpdate":false,"showSkybox":false,"showFlares":true,"showImageEffects":true,"showParticleSystems":true},"in2DMode":false,"pivot":{"x":164.3603057861328,"y":8.583983421325684,"z":112.34313201904297},"rotation":{"x":-0.01724098064005375,"y":0.46700578927993777,"z":0.009107738733291626,"w":0.8840429186820984},"size":204.79595947265626,"orthographic":false}