{"cameraMode":{"drawMode":0,"name":"Shaded","section":"Shading Mode"},"sceneLighting":false,"audioPlay":false,"sceneViewState":{"showFog":true,"showMaterialUpdate":false,"showSkybox":false,"showFlares":true,"showImageEffects":true,"showParticleSystems":true},"in2DMode":false,"pivot":{"x":10.59470272064209,"y":715.61474609375,"z":281.0126037597656},"rotation":{"x":-0.21155738830566407,"y":0.03730108216404915,"z":-0.008945290930569172,"w":-0.9768669009208679},"size":2350.4052734375,"orthographic":false}