{"cameraMode":{"drawMode":0,"name":"Shaded","section":"Shading Mode"},"sceneLighting":true,"audioPlay":false,"sceneViewState":{"showFog":true,"showMaterialUpdate":false,"showSkybox":true,"showFlares":true,"showImageEffects":true,"showParticleSystems":true},"in2DMode":false,"pivot":{"x":-0.2268039882183075,"y":6.867266654968262,"z":-38.492252349853519},"rotation":{"x":0.19598673284053803,"y":0.4066217541694641,"z":-0.08424723148345947,"w":0.8890040516853333},"size":18.74039649963379,"orthographic":false}