{"cameraMode":{"drawMode":0,"name":"Shaded","section":"Shading Mode"},"sceneLighting":false,"audioPlay":false,"sceneViewState":{"showFog":true,"showMaterialUpdate":false,"showSkybox":false,"showFlares":true,"showImageEffects":true,"showParticleSystems":true},"in2DMode":false,"pivot":{"x":12.73783016204834,"y":-4.682490825653076,"z":22.022457122802736},"rotation":{"x":0.07500836253166199,"y":0.14605045318603517,"z":-0.011105258949100972,"w":0.9863728284835815},"size":22.44619369506836,"orthographic":false}