{"cameraMode":{"drawMode":0,"name":"Shaded","section":"Shading Mode"},"sceneLighting":false,"audioPlay":false,"sceneViewState":{"showFog":true,"showMaterialUpdate":false,"showSkybox":false,"showFlares":true,"showImageEffects":true,"showParticleSystems":true},"in2DMode":false,"pivot":{"x":177.4466094970703,"y":56.595787048339847,"z":73.95059967041016},"rotation":{"x":-0.11704766750335694,"y":0.5479588508605957,"z":0.07777882367372513,"w":0.8246196508407593},"size":204.79595947265626,"orthographic":false}