{"cameraMode":{"drawMode":0,"name":"Shaded","section":"Shading Mode"},"sceneLighting":true,"audioPlay":false,"sceneViewState":{"showFog":true,"showMaterialUpdate":false,"showSkybox":true,"showFlares":true,"showImageEffects":true,"showParticleSystems":true},"in2DMode":false,"pivot":{"x":45.7771110534668,"y":-19.426593780517579,"z":3.2369372844696047},"rotation":{"x":-0.18105876445770265,"y":-0.5105213522911072,"z":0.11086607724428177,"w":-0.8334376215934753},"size":75.82144927978516,"orthographic":false}