{"cameraMode":{"drawMode":0,"name":"Shaded","section":"Shading Mode"},"sceneLighting":false,"audioPlay":false,"sceneViewState":{"showFog":true,"showMaterialUpdate":false,"showSkybox":false,"showFlares":true,"showImageEffects":true,"showParticleSystems":true},"in2DMode":false,"pivot":{"x":43.43302917480469,"y":7.581963062286377,"z":48.52772521972656},"rotation":{"x":0.06649107486009598,"y":0.1619894653558731,"z":0.009690854698419571,"w":-0.9850422739982605},"size":22.34915542602539,"orthographic":false}