{"cameraMode":{"drawMode":0,"name":"Shaded","section":"Shading Mode"},"sceneLighting":true,"audioPlay":false,"sceneViewState":{"showFog":true,"showMaterialUpdate":false,"showSkybox":true,"showFlares":true,"showImageEffects":true,"showParticleSystems":true},"in2DMode":false,"pivot":{"x":-25.522146224975587,"y":50.76579284667969,"z":-60.687278747558597},"rotation":{"x":0.24792934954166413,"y":0.13145336508750916,"z":-0.03395723178982735,"w":0.9593566060066223},"size":18.197874069213868,"orthographic":false}