{"cameraMode":{"drawMode":0,"name":"Shaded","section":"Shading Mode"},"sceneLighting":true,"audioPlay":false,"sceneViewState":{"showFog":true,"showMaterialUpdate":false,"showSkybox":true,"showFlares":true,"showImageEffects":true,"showParticleSystems":true},"in2DMode":false,"pivot":{"x":241.3246307373047,"y":54.354766845703128,"z":3.7333831787109377},"rotation":{"x":0.0952983871102333,"y":-0.8745924234390259,"z":0.19134248793125153,"w":0.43545714020729067},"size":47.857479095458987,"orthographic":false}