{"cameraMode":{"drawMode":0,"name":"Shaded","section":"Shading Mode"},"sceneLighting":false,"audioPlay":false,"sceneViewState":{"showFog":true,"showMaterialUpdate":false,"showSkybox":false,"showFlares":true,"showImageEffects":true,"showParticleSystems":true},"in2DMode":false,"pivot":{"x":-13.699599266052246,"y":-15.359086036682129,"z":197.0585174560547},"rotation":{"x":0.038969073444604877,"y":-0.032968804240226749,"z":0.0012863725423812867,"w":0.998698890209198},"size":204.79595947265626,"orthographic":false}