{"cameraMode":{"drawMode":0,"name":"Shaded","section":"Shading Mode"},"sceneLighting":true,"audioPlay":false,"sceneViewState":{"showFog":true,"showMaterialUpdate":false,"showSkybox":true,"showFlares":true,"showImageEffects":true,"showParticleSystems":true},"in2DMode":false,"pivot":{"x":32.51893997192383,"y":-16.759971618652345,"z":-24.191789627075197},"rotation":{"x":-0.1965499222278595,"y":-0.47744637727737429,"z":0.11048784106969834,"w":-0.8494096994400024},"size":55.8610954284668,"orthographic":false}