{"cameraMode":{"drawMode":0,"name":"Shaded","section":"Shading Mode"},"sceneLighting":false,"audioPlay":false,"sceneViewState":{"showFog":true,"showMaterialUpdate":false,"showSkybox":false,"showFlares":true,"showImageEffects":true,"showParticleSystems":true},"in2DMode":false,"pivot":{"x":-1.3870712518692017,"y":-0.39922598004341128,"z":3.8363845348358156},"rotation":{"x":-0.18073873221874238,"y":0.5541117787361145,"z":-0.12478911876678467,"w":-0.803166925907135},"size":12.016167640686036,"orthographic":false}