{"cameraMode":{"drawMode":0,"name":"Shaded","section":"Shading Mode"},"sceneLighting":false,"audioPlay":false,"sceneViewState":{"showFog":true,"showMaterialUpdate":false,"showSkybox":false,"showFlares":true,"showImageEffects":true,"showParticleSystems":true},"in2DMode":false,"pivot":{"x":-3.2801361083984377,"y":20.04279136657715,"z":-76.04999542236328},"rotation":{"x":0.18887314200401307,"y":0.4371793568134308,"z":-0.09377464652061463,"w":0.8746808767318726},"size":64.5027847290039,"orthographic":false}