{"cameraMode":{"drawMode":0,"name":"Shaded","section":"Shading Mode"},"sceneLighting":true,"audioPlay":false,"sceneViewState":{"showFog":true,"showMaterialUpdate":false,"showSkybox":true,"showFlares":true,"showImageEffects":true,"showParticleSystems":true},"in2DMode":false,"pivot":{"x":13.696029663085938,"y":18.679771423339845,"z":-46.45519256591797},"rotation":{"x":0.009886019863188267,"y":-0.7295016050338745,"z":-0.010080278851091862,"w":-0.6850592494010925},"size":5.660388469696045,"orthographic":false}