{"cameraMode":{"drawMode":0,"name":"Shaded","section":"Shading Mode"},"sceneLighting":true,"audioPlay":false,"sceneViewState":{"showFog":true,"showMaterialUpdate":false,"showSkybox":true,"showFlares":true,"showImageEffects":true,"showParticleSystems":true},"in2DMode":false,"pivot":{"x":-23.27210235595703,"y":60.29046630859375,"z":-31.132898330688478},"rotation":{"x":-0.509000301361084,"y":0.027846230193972589,"z":-0.016574526205658914,"w":-0.8602089285850525},"size":10.0,"orthographic":false}