{"cameraMode":{"drawMode":0,"name":"Shaded","section":"Shading Mode"},"sceneLighting":false,"audioPlay":false,"sceneViewState":{"showFog":true,"showMaterialUpdate":false,"showSkybox":false,"showFlares":true,"showImageEffects":true,"showParticleSystems":true},"in2DMode":false,"pivot":{"x":37.808998107910159,"y":1.694000005722046,"z":-25.93000030517578},"rotation":{"x":-0.10489871352910996,"y":-0.5512108206748962,"z":0.07086879014968872,"w":-0.825054407119751},"size":3.464101552963257,"orthographic":false}