{"cameraMode":{"drawMode":0,"name":"Shaded","section":"Shading Mode"},"sceneLighting":true,"audioPlay":false,"sceneViewState":{"showFog":true,"showMaterialUpdate":false,"showSkybox":true,"showFlares":true,"showImageEffects":true,"showParticleSystems":true},"in2DMode":false,"pivot":{"x":28.720205307006837,"y":-12.646538734436036,"z":16.085098266601564},"rotation":{"x":0.10314691066741944,"y":0.47172871232032778,"z":-0.056590259075164798,"w":0.8740747570991516},"size":75.82144927978516,"orthographic":false}